<?xml version="1.0" encoding="UTF-8" standalone="yes"?>
<addon id="plugin.addon.id" name="Chilloutzone" version="2.0.0 - beta" provider-name="Thorsten Beck">
  <requires>
    <import addon="xbmc.python" version="2.1.0"/>
  </requires>
  <extension point="xbmc.python.pluginsource" library="main.py">
    <provides>video</provides>
  </extension>
  <extension point="xbmc.addon.metadata">
    <summary lang="en_gb">Player for www.chilloutzone.net</summary>
    <summary lang="de">Player für www.chilloutzone.net</summary>
    <description lang="en_gb">Perfect for the Raspberry-Pi. No exhausting clicking with the mouse, if you really want to chill</description>
    <description lang="de">Perfekt für den Raspberry Pi. Kein anstrengendes Klicken und Bild maximieren und kein Schnickschnack. Chilloutzone für wirkliche Sofaabende.</description>
    <disclaimer lang="en_gb">DISCLAIMER</disclaimer>
    <language></language>
    <platform>all</platform>
    <license>GNU GENERAL PUBLIC LICENSE. Version 3, 29 June 2007</license>
    <forum></forum>
    <email>thorsten@fablab-cottbus.de</email>
    <source></source>
    <news></news>
    <assets>
        <icon>icon.png</icon>
        <fanart>fanart.jpg</fanart>
        <screenshot></screenshot>
    </assets>
  </extension>
</addon>
